"Line","BoardingTime","PassengerCount"
"KC06","2019-12-18T00:00",1
"LF09","2019-12-18T00:00",3
"TC93","2019-12-18T00:00",1
"TL94","2019-12-18T00:00",1
"TL94","2019-12-18T01:00",1
"VF01","2019-12-18T03:30",4
"AC03","2019-12-18T05:30",7
"AF04","2019-12-18T05:30",1
"DC15","2019-12-18T05:30",33
"DC15A","2019-12-18T05:30",10
"FL82","2019-12-18T05:30",6
"KC06","2019-12-18T05:30",3
"KL08","2019-12-18T05:30",21
"LF09","2019-12-18T05:30",4
"MF40","2019-12-18T05:30",1
"TC93","2019-12-18T05:30",6
"TCP45","2019-12-18T05:30",1
"VF01","2019-12-18T05:30",20
"VF02","2019-12-18T05:30",4
"511","2019-12-18T06:00",19
"AC03","2019-12-18T06:00",22
"AF04","2019-12-18T06:00",18
"AF04A","2019-12-18T06:00",9
"CV14","2019-12-18T06:00",25
"CV47","2019-12-18T06:00",10
"CV48","2019-12-18T06:00",2
"CV67","2019-12-18T06:00",10
"DC15","2019-12-18T06:00",44
"DC15A","2019-12-18T06:00",34
"FL82","2019-12-18T06:00",36
"KC06","2019-12-18T06:00",47
"KC33","2019-12-18T06:00",8
"KC35","2019-12-18T06:00",15
"KC35A","2019-12-18T06:00",5
"KF52","2019-12-18T06:00",21
"KL08","2019-12-18T06:00",56
"KM61","2019-12-18T06:00",15
"KPZ83","2019-12-18T06:00",8
"LC07","2019-12-18T06:00",5
"LF09","2019-12-18T06:00",60
"LF10","2019-12-18T06:00",37
"MC12","2019-12-18T06:00",30
"MF40","2019-12-18T06:00",38
"ML22","2019-12-18T06:00",30
"MZ78","2019-12-18T06:00",17
"TB72","2019-12-18T06:00",23
"TC16","2019-12-18T06:00",24
"TC16A","2019-12-18T06:00",12
"TC93","2019-12-18T06:00",10
"TCD49","2019-12-18T06:00",14
"TCP45","2019-12-18T06:00",28
"TK36","2019-12-18T06:00",13
"TL94","2019-12-18T06:00",10
"UC11","2019-12-18T06:00",21
"UC32","2019-12-18T06:00",3
"VC53","2019-12-18T06:00",15
"VC57","2019-12-18T06:00",5
"VC59","2019-12-18T06:00",19
"VF01","2019-12-18T06:00",107
"VF02","2019-12-18T06:00",62
"VF63","2019-12-18T06:00",8
"VF66","2019-12-18T06:00",45
"VL13","2019-12-18T06:00",41
"VL13A","2019-12-18T06:00",32
"VML54","2019-12-18T06:00",10
"VML55A","2019-12-18T06:00",14
"VS18","2019-12-18T06:00",53
"511","2019-12-18T06:30",65
"AC03","2019-12-18T06:30",78
"AF04","2019-12-18T06:30",91
"AF04A","2019-12-18T06:30",53
"CV14","2019-12-18T06:30",68
"CV47","2019-12-18T06:30",39
"CV48","2019-12-18T06:30",50
"CV67","2019-12-18T06:30",45
"DC15","2019-12-18T06:30",147
"DC15A","2019-12-18T06:30",142
"FL82","2019-12-18T06:30",53
"GM24","2019-12-18T06:30",51
"KC06","2019-12-18T06:30",121
"KC33","2019-12-18T06:30",23
"KC35","2019-12-18T06:30",30
"KC35A","2019-12-18T06:30",36
"KF52","2019-12-18T06:30",65
"KL08","2019-12-18T06:30",138
"KM61","2019-12-18T06:30",58
"KPZ83","2019-12-18T06:30",51
"LC07","2019-12-18T06:30",37
"LC07A","2019-12-18T06:30",21
"LF09","2019-12-18T06:30",132
"LF10","2019-12-18T06:30",144
"MC12","2019-12-18T06:30",56
"MF40","2019-12-18T06:30",72
"ML22","2019-12-18T06:30",52
"MZ78","2019-12-18T06:30",75
"TB72","2019-12-18T06:30",60
"TC16","2019-12-18T06:30",60
"TC16A","2019-12-18T06:30",65
"TC93","2019-12-18T06:30",25
"TCD49","2019-12-18T06:30",10
"TCD49A","2019-12-18T06:30",31
"TCP45","2019-12-18T06:30",74
"TK36","2019-12-18T06:30",60
"TL94","2019-12-18T06:30",22
"UC11","2019-12-18T06:30",48
"UC32","2019-12-18T06:30",3
"VC53","2019-12-18T06:30",23
"VC57","2019-12-18T06:30",59
"VC59","2019-12-18T06:30",62
"VF01","2019-12-18T06:30",192
"VF02","2019-12-18T06:30",149
"VF63","2019-12-18T06:30",76
"VF66","2019-12-18T06:30",60
"VL13","2019-12-18T06:30",121
"VL13A","2019-12-18T06:30",155
"VML54","2019-12-18T06:30",70
"VML55A","2019-12-18T06:30",50
"VS18","2019-12-18T06:30",189
"511","2019-12-18T07:00",194
"AC03","2019-12-18T07:00",180
"AF04","2019-12-18T07:00",151
"AF04A","2019-12-18T07:00",162
"CV14","2019-12-18T07:00",203
"CV47","2019-12-18T07:00",147
"CV48","2019-12-18T07:00",96
"CV67","2019-12-18T07:00",102
"DC15","2019-12-18T07:00",235
"DC15A","2019-12-18T07:00",309
"FL82","2019-12-18T07:00",271
"GM24","2019-12-18T07:00",89
"KC06","2019-12-18T07:00",316
"KC33","2019-12-18T07:00",56
"KC35","2019-12-18T07:00",121
"KC35A","2019-12-18T07:00",111
"KF52","2019-12-18T07:00",137
"KL08","2019-12-18T07:00",310
"KM61","2019-12-18T07:00",178
"KPZ83","2019-12-18T07:00",156
"LC07","2019-12-18T07:00",130
"LC07A","2019-12-18T07:00",103
"LF09","2019-12-18T07:00",367
"LF10","2019-12-18T07:00",427
"MC12","2019-12-18T07:00",156
"MF40","2019-12-18T07:00",231
"ML22","2019-12-18T07:00",170
"MZ78","2019-12-18T07:00",177
"TB72","2019-12-18T07:00",205
"TC16","2019-12-18T07:00",133
"TC16A","2019-12-18T07:00",140
"TC93","2019-12-18T07:00",50
"TCD49","2019-12-18T07:00",64
"TCD49A","2019-12-18T07:00",52
"TCP45","2019-12-18T07:00",240
"TK36","2019-12-18T07:00",149
"TL94","2019-12-18T07:00",47
"UC11","2019-12-18T07:00",176
"UC32","2019-12-18T07:00",95
"VC53","2019-12-18T07:00",95
"VC57","2019-12-18T07:00",128
"VC59","2019-12-18T07:00",154
"VF01","2019-12-18T07:00",386
"VF02","2019-12-18T07:00",312
"VF63","2019-12-18T07:00",129
"VF66","2019-12-18T07:00",221
"VL13","2019-12-18T07:00",295
"VL13A","2019-12-18T07:00",335
"VML54","2019-12-18T07:00",152
"VML55A","2019-12-18T07:00",146
"VS18","2019-12-18T07:00",497
"511","2019-12-18T07:30",230
"AC03","2019-12-18T07:30",292
"AF04","2019-12-18T07:30",179
"AF04A","2019-12-18T07:30",205
"CV14","2019-12-18T07:30",318
"CV47","2019-12-18T07:30",179
"CV48","2019-12-18T07:30",168
"CV67","2019-12-18T07:30",136
"DC15","2019-12-18T07:30",453
"DC15A","2019-12-18T07:30",505
"FL82","2019-12-18T07:30",405
"GM24","2019-12-18T07:30",187
"KC06","2019-12-18T07:30",617
"KC33","2019-12-18T07:30",126
"KC35","2019-12-18T07:30",192
"KC35A","2019-12-18T07:30",126
"KF52","2019-12-18T07:30",237
"KL08","2019-12-18T07:30",551
"KM61","2019-12-18T07:30",238
"KPZ83","2019-12-18T07:30",214
"LC07","2019-12-18T07:30",249
"LC07A","2019-12-18T07:30",150
"LF09","2019-12-18T07:30",694
"LF10","2019-12-18T07:30",632
"MC12","2019-12-18T07:30",230
"MF40","2019-12-18T07:30",368
"ML22","2019-12-18T07:30",165
"MZ78","2019-12-18T07:30",270
"TB72","2019-12-18T07:30",290
"TC16","2019-12-18T07:30",192
"TC16A","2019-12-18T07:30",193
"TC93","2019-12-18T07:30",126
"TCD49","2019-12-18T07:30",109
"TCD49A","2019-12-18T07:30",147
"TCP45","2019-12-18T07:30",286
"TK36","2019-12-18T07:30",186
"TL94","2019-12-18T07:30",106
"UC11","2019-12-18T07:30",367
"UC32","2019-12-18T07:30",213
"VC53","2019-12-18T07:30",204
"VC57","2019-12-18T07:30",194
"VC59","2019-12-18T07:30",268
"VF01","2019-12-18T07:30",812
"VF02","2019-12-18T07:30",495
"VF63","2019-12-18T07:30",130
"VF66","2019-12-18T07:30",307
"VL13","2019-12-18T07:30",331
"VL13A","2019-12-18T07:30",595
"VML54","2019-12-18T07:30",281
"VML55A","2019-12-18T07:30",161
"VS18","2019-12-18T07:30",510
"511","2019-12-18T08:00",228
"AC03","2019-12-18T08:00",276
"AF04","2019-12-18T08:00",233
"AF04A","2019-12-18T08:00",143
"CV14","2019-12-18T08:00",380
"CV47","2019-12-18T08:00",155
"CV48","2019-12-18T08:00",136
"CV67","2019-12-18T08:00",131
"DC15","2019-12-18T08:00",420
"DC15A","2019-12-18T08:00",483
"FL82","2019-12-18T08:00",248
"GM24","2019-12-18T08:00",144
"KC06","2019-12-18T08:00",714
"KC33","2019-12-18T08:00",151
"KC35","2019-12-18T08:00",190
"KC35A","2019-12-18T08:00",145
"KF52","2019-12-18T08:00",156
"KL08","2019-12-18T08:00",750
"KM61","2019-12-18T08:00",244
"KPZ83","2019-12-18T08:00",204
"LC07","2019-12-18T08:00",377
"LC07A","2019-12-18T08:00",222
"LF09","2019-12-18T08:00",547
"LF10","2019-12-18T08:00",720
"MC12","2019-12-18T08:00",249
"MF40","2019-12-18T08:00",283
"ML22","2019-12-18T08:00",250
"MZ78","2019-12-18T08:00",163
"TB72","2019-12-18T08:00",211
"TC16","2019-12-18T08:00",176
"TC16A","2019-12-18T08:00",200
"TC93","2019-12-18T08:00",99
"TCD49","2019-12-18T08:00",112
"TCD49A","2019-12-18T08:00",172
"TCP45","2019-12-18T08:00",221
"TK36","2019-12-18T08:00",140
"TL94","2019-12-18T08:00",120
"UC11","2019-12-18T08:00",431
"UC32","2019-12-18T08:00",295
"VC53","2019-12-18T08:00",128
"VC57","2019-12-18T08:00",164
"VC59","2019-12-18T08:00",205
"VF01","2019-12-18T08:00",828
"VF02","2019-12-18T08:00",468
"VF63","2019-12-18T08:00",110
"VF66","2019-12-18T08:00",320
"VL13","2019-12-18T08:00",415
"VL13A","2019-12-18T08:00",439
"VML54","2019-12-18T08:00",215
"VML55A","2019-12-18T08:00",196
"VS18","2019-12-18T08:00",610
"511","2019-12-18T08:30",148
"AC03","2019-12-18T08:30",210
"AF04","2019-12-18T08:30",161
"AF04A","2019-12-18T08:30",156
"CV14","2019-12-18T08:30",239
"CV47","2019-12-18T08:30",169
"CV48","2019-12-18T08:30",105
"CV67","2019-12-18T08:30",126
"DC15","2019-12-18T08:30",344
"DC15A","2019-12-18T08:30",341
"FL82","2019-12-18T08:30",230
"GM24","2019-12-18T08:30",118
"KC06","2019-12-18T08:30",596
"KC33","2019-12-18T08:30",142
"KC35","2019-12-18T08:30",125
"KC35A","2019-12-18T08:30",109
"KF52","2019-12-18T08:30",147
"KL08","2019-12-18T08:30",674
"KM61","2019-12-18T08:30",183
"KPZ83","2019-12-18T08:30",126
"LC07","2019-12-18T08:30",354
"LC07A","2019-12-18T08:30",257
"LF09","2019-12-18T08:30",558
"LF10","2019-12-18T08:30",662
"MC12","2019-12-18T08:30",183
"MF40","2019-12-18T08:30",279
"ML22","2019-12-18T08:30",140
"MZ78","2019-12-18T08:30",115
"TB72","2019-12-18T08:30",235
"TC16","2019-12-18T08:30",187
"TC16A","2019-12-18T08:30",150
"TC93","2019-12-18T08:30",134
"TCD49","2019-12-18T08:30",99
"TCD49A","2019-12-18T08:30",176
"TCP45","2019-12-18T08:30",225
"TK36","2019-12-18T08:30",118
"TL94","2019-12-18T08:30",123
"UC11","2019-12-18T08:30",326
"UC32","2019-12-18T08:30",185
"VC53","2019-12-18T08:30",106
"VC57","2019-12-18T08:30",150
"VC59","2019-12-18T08:30",179
"VF01","2019-12-18T08:30",650
"VF02","2019-12-18T08:30",412
"VF63","2019-12-18T08:30",92
"VF66","2019-12-18T08:30",277
"VL13","2019-12-18T08:30",355
"VL13A","2019-12-18T08:30",321
"VML54","2019-12-18T08:30",183
"VML55A","2019-12-18T08:30",163
"VS18","2019-12-18T08:30",524
"511","2019-12-18T09:00",114
"AC03","2019-12-18T09:00",161
"AF04","2019-12-18T09:00",116
"AF04A","2019-12-18T09:00",143
"CV14","2019-12-18T09:00",213
"CV47","2019-12-18T09:00",94
"CV48","2019-12-18T09:00",66
"CV67","2019-12-18T09:00",109
"DC15","2019-12-18T09:00",260
"DC15A","2019-12-18T09:00",283
"FL82","2019-12-18T09:00",209
"GM24","2019-12-18T09:00",82
"KC06","2019-12-18T09:00",391
"KC33","2019-12-18T09:00",83
"KC35","2019-12-18T09:00",91
"KC35A","2019-12-18T09:00",77
"KF52","2019-12-18T09:00",99
"KL08","2019-12-18T09:00",537
"KM61","2019-12-18T09:00",145
"KPZ83","2019-12-18T09:00",105
"LC07","2019-12-18T09:00",378
"LC07A","2019-12-18T09:00",196
"LF09","2019-12-18T09:00",448
"LF10","2019-12-18T09:00",521
"MC12","2019-12-18T09:00",143
"MF40","2019-12-18T09:00",215
"ML22","2019-12-18T09:00",133
"MZ78","2019-12-18T09:00",109
"TB72","2019-12-18T09:00",157
"TC16","2019-12-18T09:00",137
"TC16A","2019-12-18T09:00",131
"TC93","2019-12-18T09:00",85
"TCD49","2019-12-18T09:00",100
"TCD49A","2019-12-18T09:00",77
"TCP45","2019-12-18T09:00",139
"TK36","2019-12-18T09:00",119
"TL94","2019-12-18T09:00",86
"UC11","2019-12-18T09:00",311
"UC32","2019-12-18T09:00",91
"VC53","2019-12-18T09:00",113
"VC57","2019-12-18T09:00",120
"VC59","2019-12-18T09:00",120
"VF01","2019-12-18T09:00",428
"VF02","2019-12-18T09:00",284
"VF63","2019-12-18T09:00",93
"VF66","2019-12-18T09:00",235
"VL13","2019-12-18T09:00",181
"VL13A","2019-12-18T09:00",189
"VML54","2019-12-18T09:00",157
"VML55A","2019-12-18T09:00",99
"VS18","2019-12-18T09:00",271
"511","2019-12-18T09:30",94
"AC03","2019-12-18T09:30",141
"AF04","2019-12-18T09:30",87
"AF04A","2019-12-18T09:30",120
"CV14","2019-12-18T09:30",154
"CV47","2019-12-18T09:30",123
"CV48","2019-12-18T09:30",54
"CV67","2019-12-18T09:30",123
"DC15","2019-12-18T09:30",222
"DC15A","2019-12-18T09:30",243
"FL82","2019-12-18T09:30",122
"GM24","2019-12-18T09:30",75
"KC06","2019-12-18T09:30",439
"KC33","2019-12-18T09:30",81
"KC35","2019-12-18T09:30",58
"KC35A","2019-12-18T09:30",84
"KF52","2019-12-18T09:30",101
"KL08","2019-12-18T09:30",436
"KM61","2019-12-18T09:30",146
"KPZ83","2019-12-18T09:30",83
"LC07","2019-12-18T09:30",349
"LC07A","2019-12-18T09:30",183
"LF09","2019-12-18T09:30",355
"LF10","2019-12-18T09:30",508
"MC12","2019-12-18T09:30",150
"MF40","2019-12-18T09:30",195
"ML22","2019-12-18T09:30",68
"MZ78","2019-12-18T09:30",108
"TB72","2019-12-18T09:30",149
"TC16","2019-12-18T09:30",118
"TC16A","2019-12-18T09:30",89
"TC93","2019-12-18T09:30",83
"TCD49","2019-12-18T09:30",64
"TCD49A","2019-12-18T09:30",72
"TCP45","2019-12-18T09:30",141
"TK36","2019-12-18T09:30",96
"TL94","2019-12-18T09:30",87
"UC11","2019-12-18T09:30",232
"UC32","2019-12-18T09:30",94
"VC53","2019-12-18T09:30",79
"VC57","2019-12-18T09:30",135
"VC59","2019-12-18T09:30",129
"VF01","2019-12-18T09:30",451
"VF02","2019-12-18T09:30",211
"VF63","2019-12-18T09:30",134
"VF66","2019-12-18T09:30",226
"VL13","2019-12-18T09:30",125
"VL13A","2019-12-18T09:30",175
"VML54","2019-12-18T09:30",120
"VML55A","2019-12-18T09:30",72
"VS18","2019-12-18T09:30",249
"511","2019-12-18T10:00",87
"AC03","2019-12-18T10:00",138
"AF04","2019-12-18T10:00",111
"AF04A","2019-12-18T10:00",99
"CV14","2019-12-18T10:00",122
"CV47","2019-12-18T10:00",121
"CV48","2019-12-18T10:00",71
"CV67","2019-12-18T10:00",111
"DC15","2019-12-18T10:00",183
"DC15A","2019-12-18T10:00",278
"FL82","2019-12-18T10:00",114
"GM24","2019-12-18T10:00",69
"KC06","2019-12-18T10:00",413
"KC33","2019-12-18T10:00",86
"KC35","2019-12-18T10:00",51
"KC35A","2019-12-18T10:00",74
"KF52","2019-12-18T10:00",49
"KL08","2019-12-18T10:00",444
"KM61","2019-12-18T10:00",168
"KPZ83","2019-12-18T10:00",108
"LC07","2019-12-18T10:00",339
"LC07A","2019-12-18T10:00",134
"LF09","2019-12-18T10:00",415
"LF10","2019-12-18T10:00",461
"MC12","2019-12-18T10:00",136
"MF40","2019-12-18T10:00",177
"ML22","2019-12-18T10:00",78
"MZ78","2019-12-18T10:00",71
"TB72","2019-12-18T10:00",124
"TC16","2019-12-18T10:00",94
"TC16A","2019-12-18T10:00",93
"TC93","2019-12-18T10:00",93
"TCD49","2019-12-18T10:00",91
"TCD49A","2019-12-18T10:00",79
"TCP45","2019-12-18T10:00",129
"TK36","2019-12-18T10:00",113
"TL94","2019-12-18T10:00",99
"UC11","2019-12-18T10:00",235
"UC32","2019-12-18T10:00",112
"VC53","2019-12-18T10:00",83
"VC57","2019-12-18T10:00",133
"VC59","2019-12-18T10:00",91
"VF01","2019-12-18T10:00",473
"VF02","2019-12-18T10:00",233
"VF63","2019-12-18T10:00",106
"VF66","2019-12-18T10:00",223
"VL13","2019-12-18T10:00",133
"VL13A","2019-12-18T10:00",182
"VML54","2019-12-18T10:00",89
"VML55A","2019-12-18T10:00",50
"VS18","2019-12-18T10:00",197
"511","2019-12-18T10:30",84
"AC03","2019-12-18T10:30",117
"AF04","2019-12-18T10:30",101
"AF04A","2019-12-18T10:30",90
"CV14","2019-12-18T10:30",134
"CV47","2019-12-18T10:30",114
"CV48","2019-12-18T10:30",46
"CV67","2019-12-18T10:30",109
"DC15","2019-12-18T10:30",164
"DC15A","2019-12-18T10:30",307
"FL82","2019-12-18T10:30",89
"GM24","2019-12-18T10:30",76
"KC06","2019-12-18T10:30",424
"KC33","2019-12-18T10:30",92
"KC35","2019-12-18T10:30",47
"KC35A","2019-12-18T10:30",69
"KF52","2019-12-18T10:30",68
"KL08","2019-12-18T10:30",467
"KM61","2019-12-18T10:30",161
"KPZ83","2019-12-18T10:30",82
"LC07","2019-12-18T10:30",309
"LC07A","2019-12-18T10:30",124
"LF09","2019-12-18T10:30",363
"LF10","2019-12-18T10:30",474
"MC12","2019-12-18T10:30",150
"MF40","2019-12-18T10:30",225
"ML22","2019-12-18T10:30",66
"MZ78","2019-12-18T10:30",104
"TB72","2019-12-18T10:30",123
"TC16","2019-12-18T10:30",86
"TC16A","2019-12-18T10:30",96
"TC93","2019-12-18T10:30",112
"TCD49","2019-12-18T10:30",67
"TCD49A","2019-12-18T10:30",82
"TCP45","2019-12-18T10:30",129
"TK36","2019-12-18T10:30",84
"TL94","2019-12-18T10:30",95
"UC11","2019-12-18T10:30",213
"UC32","2019-12-18T10:30",111
"VC53","2019-12-18T10:30",118
"VC57","2019-12-18T10:30",143
"VC59","2019-12-18T10:30",87
"VF01","2019-12-18T10:30",449
"VF02","2019-12-18T10:30",229
"VF63","2019-12-18T10:30",119
"VF66","2019-12-18T10:30",215
"VL13","2019-12-18T10:30",123
"VL13A","2019-12-18T10:30",139
"VML54","2019-12-18T10:30",100
"VML55A","2019-12-18T10:30",69
"VS18","2019-12-18T10:30",176
"511","2019-12-18T11:00",116
"AC03","2019-12-18T11:00",131
"AF04","2019-12-18T11:00",81
"AF04A","2019-12-18T11:00",64
"CV14","2019-12-18T11:00",162
"CV47","2019-12-18T11:00",155
"CV48","2019-12-18T11:00",82
"CV67","2019-12-18T11:00",110
"DC15","2019-12-18T11:00",235
"DC15A","2019-12-18T11:00",245
"FL82","2019-12-18T11:00",118
"GM24","2019-12-18T11:00",85
"KC06","2019-12-18T11:00",491
"KC33","2019-12-18T11:00",120
"KC35","2019-12-18T11:00",69
"KC35A","2019-12-18T11:00",87
"KF52","2019-12-18T11:00",66
"KL08","2019-12-18T11:00",488
"KM61","2019-12-18T11:00",134
"KPZ83","2019-12-18T11:00",127
"LC07","2019-12-18T11:00",288
"LC07A","2019-12-18T11:00",185
"LF09","2019-12-18T11:00",391
"LF10","2019-12-18T11:00",445
"MC12","2019-12-18T11:00",210
"MF40","2019-12-18T11:00",206
"ML22","2019-12-18T11:00",63
"MZ78","2019-12-18T11:00",117
"TB72","2019-12-18T11:00",163
"TC16","2019-12-18T11:00",134
"TC16A","2019-12-18T11:00",106
"TC93","2019-12-18T11:00",108
"TCD49","2019-12-18T11:00",64
"TCD49A","2019-12-18T11:00",84
"TCP45","2019-12-18T11:00",108
"TK36","2019-12-18T11:00",106
"TL94","2019-12-18T11:00",104
"UC11","2019-12-18T11:00",284
"UC32","2019-12-18T11:00",87
"VC53","2019-12-18T11:00",80
"VC57","2019-12-18T11:00",135
"VC59","2019-12-18T11:00",108
"VF01","2019-12-18T11:00",388
"VF02","2019-12-18T11:00",228
"VF63","2019-12-18T11:00",93
"VF66","2019-12-18T11:00",211
"VL13","2019-12-18T11:00",94
"VL13A","2019-12-18T11:00",148
"VML54","2019-12-18T11:00",64
"VML55A","2019-12-18T11:00",64
"VS18","2019-12-18T11:00",171
"511","2019-12-18T11:30",92
"AC03","2019-12-18T11:30",155
"AF04","2019-12-18T11:30",92
"AF04A","2019-12-18T11:30",83
"CV14","2019-12-18T11:30",211
"CV47","2019-12-18T11:30",180
"CV48","2019-12-18T11:30",66
"CV67","2019-12-18T11:30",106
"DC15","2019-12-18T11:30",196
"DC15A","2019-12-18T11:30",289
"FL82","2019-12-18T11:30",151
"GM24","2019-12-18T11:30",71
"KC06","2019-12-18T11:30",472
"KC33","2019-12-18T11:30",108
"KC35","2019-12-18T11:30",87
"KC35A","2019-12-18T11:30",92
"KF52","2019-12-18T11:30",66
"KL08","2019-12-18T11:30",591
"KM61","2019-12-18T11:30",141
"KPZ83","2019-12-18T11:30",86
"LC07","2019-12-18T11:30",248
"LC07A","2019-12-18T11:30",139
"LF09","2019-12-18T11:30",347
"LF10","2019-12-18T11:30",494
"MC12","2019-12-18T11:30",171
"MF40","2019-12-18T11:30",197
"ML22","2019-12-18T11:30",69
"MZ78","2019-12-18T11:30",155
"TB72","2019-12-18T11:30",201
"TC16","2019-12-18T11:30",149
"TC16A","2019-12-18T11:30",105
"TC93","2019-12-18T11:30",154
"TCD49","2019-12-18T11:30",65
"TCD49A","2019-12-18T11:30",94
"TCP45","2019-12-18T11:30",146
"TK36","2019-12-18T11:30",109
"TL94","2019-12-18T11:30",107
"UC11","2019-12-18T11:30",258
"UC32","2019-12-18T11:30",93
"VC53","2019-12-18T11:30",108
"VC57","2019-12-18T11:30",152
"VC59","2019-12-18T11:30",104
"VF01","2019-12-18T11:30",447
"VF02","2019-12-18T11:30",254
"VF63","2019-12-18T11:30",118
"VF66","2019-12-18T11:30",232
"VL13","2019-12-18T11:30",141
"VL13A","2019-12-18T11:30",171
"VML54","2019-12-18T11:30",37
"VML55A","2019-12-18T11:30",60
"VS18","2019-12-18T11:30",253
"511","2019-12-18T12:00",119
"AC03","2019-12-18T12:00",137
"AF04","2019-12-18T12:00",121
"AF04A","2019-12-18T12:00",100
"CV14","2019-12-18T12:00",189
"CV47","2019-12-18T12:00",174
"CV48","2019-12-18T12:00",76
"CV67","2019-12-18T12:00",132
"DC15","2019-12-18T12:00",230
"DC15A","2019-12-18T12:00",276
"FL82","2019-12-18T12:00",144
"GM24","2019-12-18T12:00",60
"KC06","2019-12-18T12:00",620
"KC33","2019-12-18T12:00",117
"KC35","2019-12-18T12:00",103
"KC35A","2019-12-18T12:00",46
"KF52","2019-12-18T12:00",131
"KL08","2019-12-18T12:00",626
"KM61","2019-12-18T12:00",145
"KPZ83","2019-12-18T12:00",143
"LC07","2019-12-18T12:00",405
"LC07A","2019-12-18T12:00",220
"LF09","2019-12-18T12:00",431
"LF10","2019-12-18T12:00",477
"MC12","2019-12-18T12:00",140
"MF40","2019-12-18T12:00",276
"ML22","2019-12-18T12:00",95
"MZ78","2019-12-18T12:00",115
"TB72","2019-12-18T12:00",188
"TC16","2019-12-18T12:00",163
"TC16A","2019-12-18T12:00",75
"TC93","2019-12-18T12:00",136
"TCD49","2019-12-18T12:00",94
"TCD49A","2019-12-18T12:00",142
"TCP45","2019-12-18T12:00",158
"TK36","2019-12-18T12:00",106
"TL94","2019-12-18T12:00",143
"UC11","2019-12-18T12:00",315
"UC32","2019-12-18T12:00",113
"VC53","2019-12-18T12:00",126
"VC57","2019-12-18T12:00",154
"VC59","2019-12-18T12:00",115
"VF01","2019-12-18T12:00",530
"VF02","2019-12-18T12:00",273
"VF63","2019-12-18T12:00",99
"VF66","2019-12-18T12:00",214
"VL13","2019-12-18T12:00",164
"VL13A","2019-12-18T12:00",201
"VML54","2019-12-18T12:00",56
"VML55A","2019-12-18T12:00",95
"VS18","2019-12-18T12:00",254
"511","2019-12-18T12:30",124
"AC03","2019-12-18T12:30",192
"AF04","2019-12-18T12:30",128
"AF04A","2019-12-18T12:30",68
"CV14","2019-12-18T12:30",237
"CV47","2019-12-18T12:30",171
"CV48","2019-12-18T12:30",82
"CV67","2019-12-18T12:30",100
"DC15","2019-12-18T12:30",250
"DC15A","2019-12-18T12:30",277
"FL82","2019-12-18T12:30",186
"GM24","2019-12-18T12:30",97
"KC06","2019-12-18T12:30",650
"KC33","2019-12-18T12:30",131
"KC35","2019-12-18T12:30",85
"KC35A","2019-12-18T12:30",93
"KF52","2019-12-18T12:30",115
"KL08","2019-12-18T12:30",714
"KM61","2019-12-18T12:30",139
"KPZ83","2019-12-18T12:30",187
"LC07","2019-12-18T12:30",352
"LC07A","2019-12-18T12:30",177
"LF09","2019-12-18T12:30",456
"LF10","2019-12-18T12:30",494
"MC12","2019-12-18T12:30",147
"MF40","2019-12-18T12:30",358
"ML22","2019-12-18T12:30",110
"MZ78","2019-12-18T12:30",146
"TB72","2019-12-18T12:30",205
"TC16","2019-12-18T12:30",177
"TC16A","2019-12-18T12:30",60
"TC93","2019-12-18T12:30",109
"TCD49","2019-12-18T12:30",69
"TCD49A","2019-12-18T12:30",137
"TCP45","2019-12-18T12:30",138
"TK36","2019-12-18T12:30",153
"TL94","2019-12-18T12:30",117
"UC11","2019-12-18T12:30",353
"UC32","2019-12-18T12:30",135
"VC53","2019-12-18T12:30",117
"VC57","2019-12-18T12:30",159
"VC59","2019-12-18T12:30",109
"VF01","2019-12-18T12:30",563
"VF02","2019-12-18T12:30",288
"VF63","2019-12-18T12:30",121
"VF66","2019-12-18T12:30",225
"VL13","2019-12-18T12:30",136
"VL13A","2019-12-18T12:30",183
"VML54","2019-12-18T12:30",78
"VML55A","2019-12-18T12:30",84
"VS18","2019-12-18T12:30",233
"511","2019-12-18T13:00",116
"AC03","2019-12-18T13:00",172
"AF04","2019-12-18T13:00",90
"AF04A","2019-12-18T13:00",128
"CV14","2019-12-18T13:00",250
"CV47","2019-12-18T13:00",187
"CV48","2019-12-18T13:00",78
"CV67","2019-12-18T13:00",91
"DC15","2019-12-18T13:00",209
"DC15A","2019-12-18T13:00",250
"FL82","2019-12-18T13:00",178
"GM24","2019-12-18T13:00",113
"KC06","2019-12-18T13:00",635
"KC33","2019-12-18T13:00",93
"KC35","2019-12-18T13:00",107
"KC35A","2019-12-18T13:00",118
"KF52","2019-12-18T13:00",92
"KL08","2019-12-18T13:00",765
"KM61","2019-12-18T13:00",166
"KPZ83","2019-12-18T13:00",133
"LC07","2019-12-18T13:00",367
"LC07A","2019-12-18T13:00",254
"LF09","2019-12-18T13:00",546
"LF10","2019-12-18T13:00",544
"MC12","2019-12-18T13:00",238
"MF40","2019-12-18T13:00",279
"ML22","2019-12-18T13:00",69
"MZ78","2019-12-18T13:00",139
"TB72","2019-12-18T13:00",167
"TC16","2019-12-18T13:00",163
"TC16A","2019-12-18T13:00",96
"TC93","2019-12-18T13:00",113
"TCD49","2019-12-18T13:00",102
"TCD49A","2019-12-18T13:00",131
"TCP45","2019-12-18T13:00",151
"TK36","2019-12-18T13:00",135
"TL94","2019-12-18T13:00",119
"UC11","2019-12-18T13:00",336
"UC32","2019-12-18T13:00",117
"VC53","2019-12-18T13:00",95
"VC57","2019-12-18T13:00",169
"VC59","2019-12-18T13:00",138
"VF01","2019-12-18T13:00",481
"VF02","2019-12-18T13:00",257
"VF63","2019-12-18T13:00",97
"VF66","2019-12-18T13:00",238
"VL13","2019-12-18T13:00",138
"VL13A","2019-12-18T13:00",208
"VML54","2019-12-18T13:00",70
"VML55A","2019-12-18T13:00",76
"VS18","2019-12-18T13:00",265
"511","2019-12-18T13:30",94
"AC03","2019-12-18T13:30",184
"AF04","2019-12-18T13:30",111
"AF04A","2019-12-18T13:30",115
"CV14","2019-12-18T13:30",357
"CV47","2019-12-18T13:30",199
"CV48","2019-12-18T13:30",100
"CV67","2019-12-18T13:30",100
"DC15","2019-12-18T13:30",182
"DC15A","2019-12-18T13:30",251
"FL82","2019-12-18T13:30",136
"GM24","2019-12-18T13:30",89
"KC06","2019-12-18T13:30",718
"KC33","2019-12-18T13:30",106
"KC35","2019-12-18T13:30",104
"KC35A","2019-12-18T13:30",87
"KF52","2019-12-18T13:30",96
"KL08","2019-12-18T13:30",760
"KM61","2019-12-18T13:30",148
"KPZ83","2019-12-18T13:30",167
"LC07","2019-12-18T13:30",435
"LC07A","2019-12-18T13:30",203
"LF09","2019-12-18T13:30",497
"LF10","2019-12-18T13:30",607
"MC12","2019-12-18T13:30",219
"MF40","2019-12-18T13:30",321
"ML22","2019-12-18T13:30",75
"MZ78","2019-12-18T13:30",164
"TB72","2019-12-18T13:30",163
"TC16","2019-12-18T13:30",226
"TC16A","2019-12-18T13:30",155
"TC93","2019-12-18T13:30",147
"TCD49","2019-12-18T13:30",85
"TCD49A","2019-12-18T13:30",153
"TCP45","2019-12-18T13:30",158
"TK36","2019-12-18T13:30",145
"TL94","2019-12-18T13:30",125
"UC11","2019-12-18T13:30",330
"UC32","2019-12-18T13:30",180
"VC53","2019-12-18T13:30",202
"VC57","2019-12-18T13:30",182
"VC59","2019-12-18T13:30",101
"VF01","2019-12-18T13:30",488
"VF02","2019-12-18T13:30",298
"VF63","2019-12-18T13:30",120
"VF66","2019-12-18T13:30",281
"VL13","2019-12-18T13:30",188
"VL13A","2019-12-18T13:30",213
"VML54","2019-12-18T13:30",88
"VML55A","2019-12-18T13:30",69
"VS18","2019-12-18T13:30",294
"511","2019-12-18T14:00",101
"AC03","2019-12-18T14:00",197
"AF04","2019-12-18T14:00",67
"AF04A","2019-12-18T14:00",144
"CV14","2019-12-18T14:00",266
"CV47","2019-12-18T14:00",217
"CV48","2019-12-18T14:00",88
"CV67","2019-12-18T14:00",113
"DC15","2019-12-18T14:00",218
"DC15A","2019-12-18T14:00",262
"FL82","2019-12-18T14:00",168
"GM24","2019-12-18T14:00",100
"KC06","2019-12-18T14:00",759
"KC33","2019-12-18T14:00",125
"KC35","2019-12-18T14:00",90
"KC35A","2019-12-18T14:00",87
"KF52","2019-12-18T14:00",86
"KL08","2019-12-18T14:00",755
"KM61","2019-12-18T14:00",151
"KPZ83","2019-12-18T14:00",162
"LC07","2019-12-18T14:00",410
"LC07A","2019-12-18T14:00",214
"LF09","2019-12-18T14:00",511
"LF10","2019-12-18T14:00",593
"MC12","2019-12-18T14:00",167
"MF40","2019-12-18T14:00",312
"ML22","2019-12-18T14:00",87
"MZ78","2019-12-18T14:00",107
"TB72","2019-12-18T14:00",199
"TC16","2019-12-18T14:00",188
"TC16A","2019-12-18T14:00",119
"TC93","2019-12-18T14:00",113
"TCD49","2019-12-18T14:00",96
"TCD49A","2019-12-18T14:00",156
"TCP45","2019-12-18T14:00",126
"TK36","2019-12-18T14:00",130
"TL94","2019-12-18T14:00",137
"UC11","2019-12-18T14:00",389
"UC32","2019-12-18T14:00",170
"VC53","2019-12-18T14:00",96
"VC57","2019-12-18T14:00",213
"VC59","2019-12-18T14:00",135
"VF01","2019-12-18T14:00",536
"VF02","2019-12-18T14:00",292
"VF63","2019-12-18T14:00",135
"VF66","2019-12-18T14:00",282
"VL13","2019-12-18T14:00",176
"VL13A","2019-12-18T14:00",167
"VML54","2019-12-18T14:00",78
"VML55A","2019-12-18T14:00",86
"VS18","2019-12-18T14:00",264
"511","2019-12-18T14:30",105
"AC03","2019-12-18T14:30",170
"AF04","2019-12-18T14:30",85
"AF04A","2019-12-18T14:30",81
"CV14","2019-12-18T14:30",230
"CV47","2019-12-18T14:30",165
"CV48","2019-12-18T14:30",110
"CV67","2019-12-18T14:30",150
"DC15","2019-12-18T14:30",280
"DC15A","2019-12-18T14:30",260
"FL82","2019-12-18T14:30",157
"GM24","2019-12-18T14:30",112
"KC06","2019-12-18T14:30",637
"KC33","2019-12-18T14:30",102
"KC35","2019-12-18T14:30",99
"KC35A","2019-12-18T14:30",117
"KF52","2019-12-18T14:30",159
"KL08","2019-12-18T14:30",711
"KM61","2019-12-18T14:30",201
"KPZ83","2019-12-18T14:30",118
"LC07","2019-12-18T14:30",447
"LC07A","2019-12-18T14:30",201
"LF09","2019-12-18T14:30",523
"LF10","2019-12-18T14:30",636
"MC12","2019-12-18T14:30",223
"MF40","2019-12-18T14:30",301
"ML22","2019-12-18T14:30",118
"MZ78","2019-12-18T14:30",120
"TB72","2019-12-18T14:30",194
"TC16","2019-12-18T14:30",181
"TC16A","2019-12-18T14:30",140
"TC93","2019-12-18T14:30",148
"TCD49","2019-12-18T14:30",142
"TCD49A","2019-12-18T14:30",165
"TCP45","2019-12-18T14:30",158
"TK36","2019-12-18T14:30",93
"TL94","2019-12-18T14:30",89
"UC11","2019-12-18T14:30",250
"UC32","2019-12-18T14:30",166
"VC53","2019-12-18T14:30",177
"VC57","2019-12-18T14:30",185
"VC59","2019-12-18T14:30",162
"VF01","2019-12-18T14:30",562
"VF02","2019-12-18T14:30",326
"VF63","2019-12-18T14:30",130
"VF66","2019-12-18T14:30",273
"VL13","2019-12-18T14:30",167
"VL13A","2019-12-18T14:30",195
"VML54","2019-12-18T14:30",99
"VML55A","2019-12-18T14:30",85
"VS18","2019-12-18T14:30",236
"511","2019-12-18T15:00",153
"AC03","2019-12-18T15:00",201
"AF04","2019-12-18T15:00",128
"AF04A","2019-12-18T15:00",101
"CV14","2019-12-18T15:00",303
"CV47","2019-12-18T15:00",236
"CV48","2019-12-18T15:00",138
"CV67","2019-12-18T15:00",121
"DC15","2019-12-18T15:00",286
"DC15A","2019-12-18T15:00",281
"FL82","2019-12-18T15:00",221
"GM24","2019-12-18T15:00",89
"KC06","2019-12-18T15:00",754
"KC33","2019-12-18T15:00",146
"KC35","2019-12-18T15:00",93
"KC35A","2019-12-18T15:00",127
"KF52","2019-12-18T15:00",131
"KL08","2019-12-18T15:00",745
"KM61","2019-12-18T15:00",209
"KPZ83","2019-12-18T15:00",131
"LC07","2019-12-18T15:00",452
"LC07A","2019-12-18T15:00",277
"LF09","2019-12-18T15:00",604
"LF10","2019-12-18T15:00",640
"MC12","2019-12-18T15:00",208
"MF40","2019-12-18T15:00",311
"ML22","2019-12-18T15:00",138
"MZ78","2019-12-18T15:00",169
"TB72","2019-12-18T15:00",296
"TC16","2019-12-18T15:00",235
"TC16A","2019-12-18T15:00",179
"TC93","2019-12-18T15:00",111
"TCD49","2019-12-18T15:00",100
"TCD49A","2019-12-18T15:00",173
"TCP45","2019-12-18T15:00",199
"TK36","2019-12-18T15:00",157
"TL94","2019-12-18T15:00",97
"UC11","2019-12-18T15:00",368
"UC32","2019-12-18T15:00",189
"VC53","2019-12-18T15:00",125
"VC57","2019-12-18T15:00",215
"VC59","2019-12-18T15:00",132
"VF01","2019-12-18T15:00",482
"VF02","2019-12-18T15:00",323
"VF63","2019-12-18T15:00",136
"VF66","2019-12-18T15:00",271
"VL13","2019-12-18T15:00",232
"VL13A","2019-12-18T15:00",222
"VML54","2019-12-18T15:00",113
"VML55A","2019-12-18T15:00",134
"VS18","2019-12-18T15:00",343
"511","2019-12-18T15:30",170
"AC03","2019-12-18T15:30",263
"AF04","2019-12-18T15:30",124
"AF04A","2019-12-18T15:30",150
"CV14","2019-12-18T15:30",433
"CV47","2019-12-18T15:30",218
"CV48","2019-12-18T15:30",148
"CV67","2019-12-18T15:30",119
"DC15","2019-12-18T15:30",567
"DC15A","2019-12-18T15:30",454
"FL82","2019-12-18T15:30",260
"GM24","2019-12-18T15:30",153
"KC06","2019-12-18T15:30",908
"KC33","2019-12-18T15:30",148
"KC35","2019-12-18T15:30",136
"KC35A","2019-12-18T15:30",191
"KF52","2019-12-18T15:30",221
"KL08","2019-12-18T15:30",990
"KM61","2019-12-18T15:30",342
"KPZ83","2019-12-18T15:30",242
"LC07","2019-12-18T15:30",485
"LC07A","2019-12-18T15:30",264
"LF09","2019-12-18T15:30",635
"LF10","2019-12-18T15:30",726
"MC12","2019-12-18T15:30",233
"MF40","2019-12-18T15:30",364
"ML22","2019-12-18T15:30",258
"MZ78","2019-12-18T15:30",214
"TB72","2019-12-18T15:30",304
"TC16","2019-12-18T15:30",208
"TC16A","2019-12-18T15:30",235
"TC93","2019-12-18T15:30",152
"TCD49","2019-12-18T15:30",127
"TCD49A","2019-12-18T15:30",219
"TCP45","2019-12-18T15:30",210
"TK36","2019-12-18T15:30",182
"TL94","2019-12-18T15:30",92
"UC11","2019-12-18T15:30",465
"UC32","2019-12-18T15:30",451
"VC53","2019-12-18T15:30",171
"VC57","2019-12-18T15:30",216
"VC59","2019-12-18T15:30",188
"VF01","2019-12-18T15:30",817
"VF02","2019-12-18T15:30",451
"VF63","2019-12-18T15:30",187
"VF66","2019-12-18T15:30",413
"VL13","2019-12-18T15:30",285
"VL13A","2019-12-18T15:30",383
"VML54","2019-12-18T15:30",249
"VML55A","2019-12-18T15:30",147
"VS18","2019-12-18T15:30",439
"511","2019-12-18T16:00",164
"AC03","2019-12-18T16:00",280
"AF04","2019-12-18T16:00",211
"AF04A","2019-12-18T16:00",192
"CV14","2019-12-18T16:00",361
"CV47","2019-12-18T16:00",290
"CV48","2019-12-18T16:00",116
"CV67","2019-12-18T16:00",130
"DC15","2019-12-18T16:00",445
"DC15A","2019-12-18T16:00",431
"FL82","2019-12-18T16:00",271
"GM24","2019-12-18T16:00",165
"KC06","2019-12-18T16:00",808
"KC33","2019-12-18T16:00",178
"KC35","2019-12-18T16:00",149
"KC35A","2019-12-18T16:00",136
"KF52","2019-12-18T16:00",172
"KL08","2019-12-18T16:00",832
"KM61","2019-12-18T16:00",250
"KPZ83","2019-12-18T16:00",195
"LC07","2019-12-18T16:00",514
"LC07A","2019-12-18T16:00",266
"LF09","2019-12-18T16:00",604
"LF10","2019-12-18T16:00",791
"MC12","2019-12-18T16:00",275
"MF40","2019-12-18T16:00",299
"ML22","2019-12-18T16:00",237
"MZ78","2019-12-18T16:00",216
"TB72","2019-12-18T16:00",245
"TC16","2019-12-18T16:00",300
"TC16A","2019-12-18T16:00",196
"TC93","2019-12-18T16:00",100
"TCD49","2019-12-18T16:00",200
"TCD49A","2019-12-18T16:00",147
"TCP45","2019-12-18T16:00",201
"TK36","2019-12-18T16:00",177
"TL94","2019-12-18T16:00",132
"UC11","2019-12-18T16:00",460
"UC32","2019-12-18T16:00",210
"VC53","2019-12-18T16:00",131
"VC57","2019-12-18T16:00",230
"VC59","2019-12-18T16:00",157
"VF01","2019-12-18T16:00",661
"VF02","2019-12-18T16:00",386
"VF63","2019-12-18T16:00",166
"VF66","2019-12-18T16:00",325
"VL13","2019-12-18T16:00",257
"VL13A","2019-12-18T16:00",352
"VML54","2019-12-18T16:00",134
"VML55A","2019-12-18T16:00",156
"VS18","2019-12-18T16:00",314
"511","2019-12-18T16:30",169
"AC03","2019-12-18T16:30",214
"AF04","2019-12-18T16:30",170
"AF04A","2019-12-18T16:30",156
"CV14","2019-12-18T16:30",385
"CV47","2019-12-18T16:30",185
"CV48","2019-12-18T16:30",109
"CV67","2019-12-18T16:30",142
"DC15","2019-12-18T16:30",355
"DC15A","2019-12-18T16:30",355
"FL82","2019-12-18T16:30",235
"GM24","2019-12-18T16:30",108
"KC06","2019-12-18T16:30",790
"KC33","2019-12-18T16:30",163
"KC35","2019-12-18T16:30",124
"KC35A","2019-12-18T16:30",199
"KF52","2019-12-18T16:30",153
"KL08","2019-12-18T16:30",755
"KM61","2019-12-18T16:30",270
"KPZ83","2019-12-18T16:30",171
"LC07","2019-12-18T16:30",504
"LC07A","2019-12-18T16:30",277
"LF09","2019-12-18T16:30",660
"LF10","2019-12-18T16:30",721
"MC12","2019-12-18T16:30",288
"MF40","2019-12-18T16:30",327
"ML22","2019-12-18T16:30",266
"MZ78","2019-12-18T16:30",183
"TB72","2019-12-18T16:30",268
"TC16","2019-12-18T16:30",274
"TC16A","2019-12-18T16:30",166
"TC93","2019-12-18T16:30",78
"TCD49","2019-12-18T16:30",145
"TCD49A","2019-12-18T16:30",169
"TCP45","2019-12-18T16:30",203
"TK36","2019-12-18T16:30",191
"TL94","2019-12-18T16:30",123
"UC11","2019-12-18T16:30",379
"UC32","2019-12-18T16:30",207
"VC53","2019-12-18T16:30",133
"VC57","2019-12-18T16:30",240
"VC59","2019-12-18T16:30",139
"VF01","2019-12-18T16:30",727
"VF02","2019-12-18T16:30",313
"VF63","2019-12-18T16:30",134
"VF66","2019-12-18T16:30",312
"VL13","2019-12-18T16:30",319
"VL13A","2019-12-18T16:30",317
"VML54","2019-12-18T16:30",135
"VML55A","2019-12-18T16:30",134
"VS18","2019-12-18T16:30",428
"511","2019-12-18T17:00",156
"AC03","2019-12-18T17:00",243
"AF04","2019-12-18T17:00",163
"AF04A","2019-12-18T17:00",243
"CV14","2019-12-18T17:00",348
"CV47","2019-12-18T17:00",181
"CV48","2019-12-18T17:00",200
"CV67","2019-12-18T17:00",163
"DC15","2019-12-18T17:00",343
"DC15A","2019-12-18T17:00",422
"FL82","2019-12-18T17:00",310
"GM24","2019-12-18T17:00",144
"KC06","2019-12-18T17:00",710
"KC33","2019-12-18T17:00",140
"KC35","2019-12-18T17:00",156
"KC35A","2019-12-18T17:00",128
"KF52","2019-12-18T17:00",207
"KL08","2019-12-18T17:00",877
"KM61","2019-12-18T17:00",238
"KPZ83","2019-12-18T17:00",154
"LC07","2019-12-18T17:00",480
"LC07A","2019-12-18T17:00",230
"LF09","2019-12-18T17:00",710
"LF10","2019-12-18T17:00",781
"MC12","2019-12-18T17:00",254
"MF40","2019-12-18T17:00",279
"ML22","2019-12-18T17:00",220
"MZ78","2019-12-18T17:00",179
"TB72","2019-12-18T17:00",286
"TC16","2019-12-18T17:00",293
"TC16A","2019-12-18T17:00",124
"TC93","2019-12-18T17:00",106
"TCD49","2019-12-18T17:00",184
"TCD49A","2019-12-18T17:00",216
"TCP45","2019-12-18T17:00",143
"TK36","2019-12-18T17:00",203
"TL94","2019-12-18T17:00",151
"UC11","2019-12-18T17:00",447
"UC32","2019-12-18T17:00",292
"VC53","2019-12-18T17:00",138
"VC57","2019-12-18T17:00",219
"VC59","2019-12-18T17:00",165
"VF01","2019-12-18T17:00",705
"VF02","2019-12-18T17:00",337
"VF63","2019-12-18T17:00",148
"VF66","2019-12-18T17:00",271
"VL13","2019-12-18T17:00",361
"VL13A","2019-12-18T17:00",261
"VML54","2019-12-18T17:00",176
"VML55A","2019-12-18T17:00",135
"VS18","2019-12-18T17:00",392
"511","2019-12-18T17:30",183
"AC03","2019-12-18T17:30",212
"AF04","2019-12-18T17:30",169
"AF04A","2019-12-18T17:30",162
"CV14","2019-12-18T17:30",298
"CV47","2019-12-18T17:30",209
"CV48","2019-12-18T17:30",155
"CV67","2019-12-18T17:30",148
"DC15","2019-12-18T17:30",360
"DC15A","2019-12-18T17:30",321
"FL82","2019-12-18T17:30",231
"GM24","2019-12-18T17:30",194
"KC06","2019-12-18T17:30",687
"KC33","2019-12-18T17:30",135
"KC35","2019-12-18T17:30",159
"KC35A","2019-12-18T17:30",124
"KF52","2019-12-18T17:30",205
"KL08","2019-12-18T17:30",863
"KM61","2019-12-18T17:30",220
"KPZ83","2019-12-18T17:30",192
"LC07","2019-12-18T17:30",454
"LC07A","2019-12-18T17:30",266
"LF09","2019-12-18T17:30",641
"LF10","2019-12-18T17:30",710
"MC12","2019-12-18T17:30",275
"MF40","2019-12-18T17:30",266
"ML22","2019-12-18T17:30",243
"MZ78","2019-12-18T17:30",115
"TB72","2019-12-18T17:30",254
"TC16","2019-12-18T17:30",252
"TC16A","2019-12-18T17:30",135
"TC93","2019-12-18T17:30",141
"TCD49","2019-12-18T17:30",173
"TCD49A","2019-12-18T17:30",183
"TCP45","2019-12-18T17:30",164
"TK36","2019-12-18T17:30",126
"TL94","2019-12-18T17:30",94
"UC11","2019-12-18T17:30",414
"UC32","2019-12-18T17:30",258
"VC53","2019-12-18T17:30",92
"VC57","2019-12-18T17:30",196
"VC59","2019-12-18T17:30",124
"VF01","2019-12-18T17:30",829
"VF02","2019-12-18T17:30",303
"VF63","2019-12-18T17:30",156
"VF66","2019-12-18T17:30",230
"VL13","2019-12-18T17:30",297
"VL13A","2019-12-18T17:30",368
"VML54","2019-12-18T17:30",146
"VML55A","2019-12-18T17:30",154
"VS18","2019-12-18T17:30",464
"511","2019-12-18T18:00",215
"AC03","2019-12-18T18:00",237
"AF04","2019-12-18T18:00",128
"AF04A","2019-12-18T18:00",179
"CV14","2019-12-18T18:00",299
"CV47","2019-12-18T18:00",141
"CV48","2019-12-18T18:00",150
"CV67","2019-12-18T18:00",130
"DC15","2019-12-18T18:00",332
"DC15A","2019-12-18T18:00",257
"FL82","2019-12-18T18:00",280
"GM24","2019-12-18T18:00",156
"KC06","2019-12-18T18:00",662
"KC33","2019-12-18T18:00",131
"KC35","2019-12-18T18:00",109
"KC35A","2019-12-18T18:00",141
"KF52","2019-12-18T18:00",165
"KL08","2019-12-18T18:00",882
"KM61","2019-12-18T18:00",221
"KPZ83","2019-12-18T18:00",169
"LC07","2019-12-18T18:00",394
"LC07A","2019-12-18T18:00",251
"LF09","2019-12-18T18:00",685
"LF10","2019-12-18T18:00",768
"MC12","2019-12-18T18:00",218
"MF40","2019-12-18T18:00",276
"ML22","2019-12-18T18:00",201
"MZ78","2019-12-18T18:00",130
"TB72","2019-12-18T18:00",235
"TC16","2019-12-18T18:00",243
"TC16A","2019-12-18T18:00",128
"TC93","2019-12-18T18:00",109
"TCD49","2019-12-18T18:00",165
"TCD49A","2019-12-18T18:00",198
"TCP45","2019-12-18T18:00",201
"TK36","2019-12-18T18:00",177
"TL94","2019-12-18T18:00",112
"UC11","2019-12-18T18:00",335
"UC32","2019-12-18T18:00",231
"VC53","2019-12-18T18:00",116
"VC57","2019-12-18T18:00",198
"VC59","2019-12-18T18:00",128
"VF01","2019-12-18T18:00",744
"VF02","2019-12-18T18:00",370
"VF63","2019-12-18T18:00",105
"VF66","2019-12-18T18:00",262
"VL13","2019-12-18T18:00",325
"VL13A","2019-12-18T18:00",389
"VML54","2019-12-18T18:00",114
"VML55A","2019-12-18T18:00",141
"VS18","2019-12-18T18:00",404
"511","2019-12-18T18:30",143
"AC03","2019-12-18T18:30",155
"AF04","2019-12-18T18:30",125
"AF04A","2019-12-18T18:30",122
"CV14","2019-12-18T18:30",274
"CV47","2019-12-18T18:30",125
"CV48","2019-12-18T18:30",105
"CV67","2019-12-18T18:30",92
"DC15","2019-12-18T18:30",216
"DC15A","2019-12-18T18:30",207
"FL82","2019-12-18T18:30",140
"GM24","2019-12-18T18:30",123
"KC06","2019-12-18T18:30",538
"KC33","2019-12-18T18:30",95
"KC35","2019-12-18T18:30",89
"KC35A","2019-12-18T18:30",105
"KF52","2019-12-18T18:30",105
"KL08","2019-12-18T18:30",665
"KM61","2019-12-18T18:30",188
"KPZ83","2019-12-18T18:30",179
"LC07","2019-12-18T18:30",348
"LC07A","2019-12-18T18:30",213
"LF09","2019-12-18T18:30",522
"LF10","2019-12-18T18:30",606
"MC12","2019-12-18T18:30",171
"MF40","2019-12-18T18:30",215
"ML22","2019-12-18T18:30",165
"MZ78","2019-12-18T18:30",109
"TB72","2019-12-18T18:30",162
"TC16","2019-12-18T18:30",182
"TC16A","2019-12-18T18:30",78
"TC93","2019-12-18T18:30",70
"TCD49","2019-12-18T18:30",77
"TCD49A","2019-12-18T18:30",156
"TCP45","2019-12-18T18:30",172
"TK36","2019-12-18T18:30",128
"TL94","2019-12-18T18:30",90
"UC11","2019-12-18T18:30",216
"UC32","2019-12-18T18:30",188
"VC53","2019-12-18T18:30",86
"VC57","2019-12-18T18:30",150
"VC59","2019-12-18T18:30",108
"VF01","2019-12-18T18:30",574
"VF02","2019-12-18T18:30",314
"VF63","2019-12-18T18:30",122
"VF66","2019-12-18T18:30",256
"VL13","2019-12-18T18:30",226
"VL13A","2019-12-18T18:30",335
"VML54","2019-12-18T18:30",89
"VML55A","2019-12-18T18:30",77
"VS18","2019-12-18T18:30",315
"511","2019-12-18T19:00",122
"AC03","2019-12-18T19:00",131
"AF04","2019-12-18T19:00",119
"AF04A","2019-12-18T19:00",74
"CV14","2019-12-18T19:00",226
"CV47","2019-12-18T19:00",69
"CV48","2019-12-18T19:00",127
"CV67","2019-12-18T19:00",76
"DC15","2019-12-18T19:00",193
"DC15A","2019-12-18T19:00",168
"FL82","2019-12-18T19:00",174
"GM24","2019-12-18T19:00",102
"KC06","2019-12-18T19:00",387
"KC33","2019-12-18T19:00",94
"KC35","2019-12-18T19:00",85
"KC35A","2019-12-18T19:00",54
"KF52","2019-12-18T19:00",83
"KL08","2019-12-18T19:00",621
"KM61","2019-12-18T19:00",134
"KPZ83","2019-12-18T19:00",109
"LC07","2019-12-18T19:00",337
"LC07A","2019-12-18T19:00",159
"LF09","2019-12-18T19:00",409
"LF10","2019-12-18T19:00",463
"MC12","2019-12-18T19:00",178
"MF40","2019-12-18T19:00",162
"ML22","2019-12-18T19:00",169
"MZ78","2019-12-18T19:00",70
"TB72","2019-12-18T19:00",176
"TC16","2019-12-18T19:00",131
"TC16A","2019-12-18T19:00",61
"TC93","2019-12-18T19:00",48
"TCD49","2019-12-18T19:00",94
"TCD49A","2019-12-18T19:00",135
"TCP45","2019-12-18T19:00",103
"TK36","2019-12-18T19:00",110
"TL94","2019-12-18T19:00",80
"UC11","2019-12-18T19:00",182
"UC32","2019-12-18T19:00",121
"VC53","2019-12-18T19:00",54
"VC57","2019-12-18T19:00",110
"VC59","2019-12-18T19:00",109
"VF01","2019-12-18T19:00",437
"VF02","2019-12-18T19:00",219
"VF63","2019-12-18T19:00",68
"VF66","2019-12-18T19:00",133
"VL13","2019-12-18T19:00",131
"VL13A","2019-12-18T19:00",265
"VML54","2019-12-18T19:00",78
"VML55A","2019-12-18T19:00",77
"VS18","2019-12-18T19:00",295
"511","2019-12-18T19:30",56
"AC03","2019-12-18T19:30",95
"AF04","2019-12-18T19:30",89
"AF04A","2019-12-18T19:30",91
"CV14","2019-12-18T19:30",202
"CV47","2019-12-18T19:30",48
"CV48","2019-12-18T19:30",42
"CV67","2019-12-18T19:30",47
"DC15","2019-12-18T19:30",110
"DC15A","2019-12-18T19:30",112
"FL82","2019-12-18T19:30",105
"GM24","2019-12-18T19:30",64
"KC06","2019-12-18T19:30",482
"KC33","2019-12-18T19:30",58
"KC35","2019-12-18T19:30",48
"KC35A","2019-12-18T19:30",57
"KF52","2019-12-18T19:30",93
"KL08","2019-12-18T19:30",494
"KM61","2019-12-18T19:30",108
"KPZ83","2019-12-18T19:30",102
"LC07","2019-12-18T19:30",230
"LC07A","2019-12-18T19:30",150
"LF09","2019-12-18T19:30",333
"LF10","2019-12-18T19:30",413
"MC12","2019-12-18T19:30",79
"MF40","2019-12-18T19:30",128
"ML22","2019-12-18T19:30",85
"MZ78","2019-12-18T19:30",72
"TB72","2019-12-18T19:30",143
"TC16","2019-12-18T19:30",88
"TC16A","2019-12-18T19:30",87
"TC93","2019-12-18T19:30",42
"TCD49","2019-12-18T19:30",76
"TCD49A","2019-12-18T19:30",111
"TCP45","2019-12-18T19:30",67
"TK36","2019-12-18T19:30",103
"TL94","2019-12-18T19:30",69
"UC11","2019-12-18T19:30",159
"UC32","2019-12-18T19:30",112
"VC53","2019-12-18T19:30",39
"VC57","2019-12-18T19:30",65
"VC59","2019-12-18T19:30",43
"VF01","2019-12-18T19:30",356
"VF02","2019-12-18T19:30",154
"VF63","2019-12-18T19:30",50
"VF66","2019-12-18T19:30",131
"VL13","2019-12-18T19:30",124
"VL13A","2019-12-18T19:30",161
"VML54","2019-12-18T19:30",67
"VML55A","2019-12-18T19:30",65
"VS18","2019-12-18T19:30",197
"511","2019-12-18T20:00",69
"AC03","2019-12-18T20:00",74
"AF04","2019-12-18T20:00",90
"AF04A","2019-12-18T20:00",66
"CV14","2019-12-18T20:00",169
"CV47","2019-12-18T20:00",49
"CV48","2019-12-18T20:00",71
"CV67","2019-12-18T20:00",32
"DC15","2019-12-18T20:00",75
"DC15A","2019-12-18T20:00",97
"FL82","2019-12-18T20:00",91
"GM24","2019-12-18T20:00",69
"KC06","2019-12-18T20:00",338
"KC33","2019-12-18T20:00",55
"KC35","2019-12-18T20:00",44
"KC35A","2019-12-18T20:00",86
"KF52","2019-12-18T20:00",70
"KL08","2019-12-18T20:00",481
"KM61","2019-12-18T20:00",124
"KPZ83","2019-12-18T20:00",67
"LC07","2019-12-18T20:00",217
"LC07A","2019-12-18T20:00",91
"LF09","2019-12-18T20:00",317
"LF10","2019-12-18T20:00",343
"MC12","2019-12-18T20:00",123
"MF40","2019-12-18T20:00",119
"ML22","2019-12-18T20:00",79
"MZ78","2019-12-18T20:00",52
"TB72","2019-12-18T20:00",112
"TC16","2019-12-18T20:00",99
"TC16A","2019-12-18T20:00",77
"TC93","2019-12-18T20:00",24
"TCD49","2019-12-18T20:00",65
"TCD49A","2019-12-18T20:00",130
"TCP45","2019-12-18T20:00",85
"TK36","2019-12-18T20:00",94
"TL94","2019-12-18T20:00",83
"UC11","2019-12-18T20:00",161
"UC32","2019-12-18T20:00",91
"VC53","2019-12-18T20:00",28
"VC57","2019-12-18T20:00",72
"VC59","2019-12-18T20:00",58
"VF01","2019-12-18T20:00",256
"VF02","2019-12-18T20:00",155
"VF63","2019-12-18T20:00",61
"VF66","2019-12-18T20:00",150
"VL13","2019-12-18T20:00",104
"VL13A","2019-12-18T20:00",149
"VML54","2019-12-18T20:00",41
"VML55A","2019-12-18T20:00",67
"VS18","2019-12-18T20:00",181
"511","2019-12-18T20:30",39
"AC03","2019-12-18T20:30",68
"AF04","2019-12-18T20:30",32
"AF04A","2019-12-18T20:30",51
"CV14","2019-12-18T20:30",105
"CV47","2019-12-18T20:30",26
"CV48","2019-12-18T20:30",68
"CV67","2019-12-18T20:30",40
"DC15","2019-12-18T20:30",96
"DC15A","2019-12-18T20:30",87
"FL82","2019-12-18T20:30",86
"GM24","2019-12-18T20:30",40
"KC06","2019-12-18T20:30",256
"KC33","2019-12-18T20:30",48
"KC35","2019-12-18T20:30",36
"KC35A","2019-12-18T20:30",30
"KF52","2019-12-18T20:30",62
"KL08","2019-12-18T20:30",328
"KM61","2019-12-18T20:30",57
"KPZ83","2019-12-18T20:30",62
"LC07","2019-12-18T20:30",157
"LC07A","2019-12-18T20:30",78
"LF09","2019-12-18T20:30",202
"LF10","2019-12-18T20:30",257
"MC12","2019-12-18T20:30",52
"MF40","2019-12-18T20:30",118
"ML22","2019-12-18T20:30",87
"MZ78","2019-12-18T20:30",49
"TB72","2019-12-18T20:30",72
"TC16","2019-12-18T20:30",77
"TC16A","2019-12-18T20:30",51
"TC93","2019-12-18T20:30",26
"TCD49","2019-12-18T20:30",68
"TCD49A","2019-12-18T20:30",87
"TCP45","2019-12-18T20:30",88
"TK36","2019-12-18T20:30",37
"TL94","2019-12-18T20:30",49
"UC11","2019-12-18T20:30",117
"UC32","2019-12-18T20:30",70
"VC53","2019-12-18T20:30",24
"VC57","2019-12-18T20:30",42
"VC59","2019-12-18T20:30",40
"VF01","2019-12-18T20:30",227
"VF02","2019-12-18T20:30",146
"VF63","2019-12-18T20:30",32
"VF66","2019-12-18T20:30",113
"VL13","2019-12-18T20:30",75
"VL13A","2019-12-18T20:30",84
"VML54","2019-12-18T20:30",39
"VML55A","2019-12-18T20:30",36
"VS18","2019-12-18T20:30",189
"511","2019-12-18T21:00",62
"AC03","2019-12-18T21:00",36
"AF04","2019-12-18T21:00",62
"AF04A","2019-12-18T21:00",36
"CV14","2019-12-18T21:00",101
"CV47","2019-12-18T21:00",36
"CV48","2019-12-18T21:00",38
"CV67","2019-12-18T21:00",18
"DC15","2019-12-18T21:00",69
"DC15A","2019-12-18T21:00",59
"FL82","2019-12-18T21:00",40
"GM24","2019-12-18T21:00",66
"KC06","2019-12-18T21:00",219
"KC33","2019-12-18T21:00",37
"KC35","2019-12-18T21:00",21
"KC35A","2019-12-18T21:00",22
"KF52","2019-12-18T21:00",52
"KL08","2019-12-18T21:00",269
"KM61","2019-12-18T21:00",62
"KPZ83","2019-12-18T21:00",54
"LC07","2019-12-18T21:00",102
"LC07A","2019-12-18T21:00",100
"LF09","2019-12-18T21:00",204
"LF10","2019-12-18T21:00",206
"MC12","2019-12-18T21:00",33
"MF40","2019-12-18T21:00",60
"ML22","2019-12-18T21:00",53
"MZ78","2019-12-18T21:00",29
"TB72","2019-12-18T21:00",63
"TC16","2019-12-18T21:00",81
"TC16A","2019-12-18T21:00",31
"TC93","2019-12-18T21:00",34
"TCD49","2019-12-18T21:00",31
"TCD49A","2019-12-18T21:00",53
"TCP45","2019-12-18T21:00",71
"TK36","2019-12-18T21:00",51
"TL94","2019-12-18T21:00",52
"UC11","2019-12-18T21:00",81
"UC32","2019-12-18T21:00",38
"VC53","2019-12-18T21:00",28
"VC57","2019-12-18T21:00",42
"VC59","2019-12-18T21:00",42
"VF01","2019-12-18T21:00",166
"VF02","2019-12-18T21:00",63
"VF63","2019-12-18T21:00",31
"VF66","2019-12-18T21:00",110
"VL13","2019-12-18T21:00",74
"VL13A","2019-12-18T21:00",48
"VML54","2019-12-18T21:00",12
"VML55A","2019-12-18T21:00",43
"VS18","2019-12-18T21:00",151
"511","2019-12-18T21:30",46
"AC03","2019-12-18T21:30",40
"AF04","2019-12-18T21:30",37
"AF04A","2019-12-18T21:30",35
"CV14","2019-12-18T21:30",113
"CV47","2019-12-18T21:30",26
"CV48","2019-12-18T21:30",25
"CV67","2019-12-18T21:30",22
"DC15","2019-12-18T21:30",43
"DC15A","2019-12-18T21:30",86
"FL82","2019-12-18T21:30",49
"GM24","2019-12-18T21:30",57
"KC06","2019-12-18T21:30",236
"KC33","2019-12-18T21:30",25
"KC35","2019-12-18T21:30",13
"KC35A","2019-12-18T21:30",20
"KF52","2019-12-18T21:30",45
"KL08","2019-12-18T21:30",273
"KM61","2019-12-18T21:30",64
"KPZ83","2019-12-18T21:30",42
"LC07","2019-12-18T21:30",121
"LC07A","2019-12-18T21:30",95
"LF09","2019-12-18T21:30",152
"LF10","2019-12-18T21:30",134
"MC12","2019-12-18T21:30",29
"MF40","2019-12-18T21:30",58
"ML22","2019-12-18T21:30",41
"MZ78","2019-12-18T21:30",55
"TB72","2019-12-18T21:30",45
"TC16","2019-12-18T21:30",74
"TC16A","2019-12-18T21:30",34
"TC93","2019-12-18T21:30",22
"TCD49","2019-12-18T21:30",21
"TCD49A","2019-12-18T21:30",81
"TCP45","2019-12-18T21:30",64
"TK36","2019-12-18T21:30",51
"TL94","2019-12-18T21:30",21
"UC11","2019-12-18T21:30",111
"UC32","2019-12-18T21:30",34
"VC53","2019-12-18T21:30",21
"VC57","2019-12-18T21:30",46
"VC59","2019-12-18T21:30",43
"VF01","2019-12-18T21:30",108
"VF02","2019-12-18T21:30",96
"VF63","2019-12-18T21:30",18
"VF66","2019-12-18T21:30",125
"VL13","2019-12-18T21:30",75
"VL13A","2019-12-18T21:30",72
"VML54","2019-12-18T21:30",46
"VML55A","2019-12-18T21:30",34
"VS18","2019-12-18T21:30",147
"511","2019-12-18T22:00",92
"AC03","2019-12-18T22:00",45
"AF04","2019-12-18T22:00",78
"AF04A","2019-12-18T22:00",22
"CV14","2019-12-18T22:00",74
"CV47","2019-12-18T22:00",21
"CV48","2019-12-18T22:00",62
"CV67","2019-12-18T22:00",29
"DC15","2019-12-18T22:00",79
"DC15A","2019-12-18T22:00",50
"FL82","2019-12-18T22:00",47
"GM24","2019-12-18T22:00",88
"KC06","2019-12-18T22:00",235
"KC33","2019-12-18T22:00",37
"KC35","2019-12-18T22:00",65
"KC35A","2019-12-18T22:00",41
"KF52","2019-12-18T22:00",78
"KL08","2019-12-18T22:00",240
"KM61","2019-12-18T22:00",89
"KPZ83","2019-12-18T22:00",23
"LC07","2019-12-18T22:00",135
"LC07A","2019-12-18T22:00",56
"LF09","2019-12-18T22:00",155
"LF10","2019-12-18T22:00",128
"MC12","2019-12-18T22:00",36
"MF40","2019-12-18T22:00",86
"ML22","2019-12-18T22:00",60
"MZ78","2019-12-18T22:00",22
"TB72","2019-12-18T22:00",84
"TC16","2019-12-18T22:00",63
"TC16A","2019-12-18T22:00",29
"TC93","2019-12-18T22:00",52
"TCD49","2019-12-18T22:00",38
"TCD49A","2019-12-18T22:00",69
"TCP45","2019-12-18T22:00",92
"TK36","2019-12-18T22:00",69
"TL94","2019-12-18T22:00",56
"UC11","2019-12-18T22:00",133
"UC32","2019-12-18T22:00",69
"VC53","2019-12-18T22:00",23
"VC57","2019-12-18T22:00",28
"VC59","2019-12-18T22:00",47
"VF01","2019-12-18T22:00",128
"VF02","2019-12-18T22:00",129
"VF63","2019-12-18T22:00",33
"VF66","2019-12-18T22:00",117
"VL13","2019-12-18T22:00",34
"VL13A","2019-12-18T22:00",66
"VML54","2019-12-18T22:00",14
"VML55A","2019-12-18T22:00",50
"VS18","2019-12-18T22:00",154
"511","2019-12-18T22:30",35
"AC03","2019-12-18T22:30",46
"AF04","2019-12-18T22:30",60
"AF04A","2019-12-18T22:30",28
"CV14","2019-12-18T22:30",66
"CV47","2019-12-18T22:30",16
"CV48","2019-12-18T22:30",18
"CV67","2019-12-18T22:30",12
"DC15","2019-12-18T22:30",42
"DC15A","2019-12-18T22:30",59
"FL82","2019-12-18T22:30",71
"GM24","2019-12-18T22:30",31
"KC06","2019-12-18T22:30",130
"KC33","2019-12-18T22:30",19
"KC35","2019-12-18T22:30",22
"KC35A","2019-12-18T22:30",32
"KF52","2019-12-18T22:30",45
"KL08","2019-12-18T22:30",152
"KM61","2019-12-18T22:30",26
"KPZ83","2019-12-18T22:30",22
"LC07","2019-12-18T22:30",70
"LC07A","2019-12-18T22:30",38
"LF09","2019-12-18T22:30",72
"LF10","2019-12-18T22:30",143
"MC12","2019-12-18T22:30",27
"MF40","2019-12-18T22:30",58
"ML22","2019-12-18T22:30",39
"MZ78","2019-12-18T22:30",26
"TB72","2019-12-18T22:30",13
"TC16","2019-12-18T22:30",28
"TC16A","2019-12-18T22:30",27
"TC93","2019-12-18T22:30",25
"TCD49","2019-12-18T22:30",29
"TCD49A","2019-12-18T22:30",21
"TCP45","2019-12-18T22:30",48
"TK36","2019-12-18T22:30",20
"TL94","2019-12-18T22:30",30
"UC11","2019-12-18T22:30",89
"UC32","2019-12-18T22:30",15
"VC57","2019-12-18T22:30",50
"VC59","2019-12-18T22:30",22
"VF01","2019-12-18T22:30",63
"VF02","2019-12-18T22:30",74
"VF63","2019-12-18T22:30",20
"VF66","2019-12-18T22:30",76
"VL13","2019-12-18T22:30",76
"VL13A","2019-12-18T22:30",66
"VML54","2019-12-18T22:30",58
"VML55A","2019-12-18T22:30",26
"VS18","2019-12-18T22:30",111
"511","2019-12-18T23:00",10
"AC03","2019-12-18T23:00",20
"AF04","2019-12-18T23:00",22
"AF04A","2019-12-18T23:00",11
"CV14","2019-12-18T23:00",24
"CV47","2019-12-18T23:00",1
"CV48","2019-12-18T23:00",2
"CV67","2019-12-18T23:00",5
"DC15","2019-12-18T23:00",26
"DC15A","2019-12-18T23:00",26
"FL82","2019-12-18T23:00",33
"GM24","2019-12-18T23:00",16
"KC06","2019-12-18T23:00",132
"KC33","2019-12-18T23:00",1
"KC35","2019-12-18T23:00",6
"KC35A","2019-12-18T23:00",2
"KF52","2019-12-18T23:00",6
"KL08","2019-12-18T23:00",75
"KM61","2019-12-18T23:00",15
"KPZ83","2019-12-18T23:00",1
"LC07","2019-12-18T23:00",41
"LC07A","2019-12-18T23:00",54
"LF09","2019-12-18T23:00",94
"LF10","2019-12-18T23:00",83
"MC12","2019-12-18T23:00",7
"MF40","2019-12-18T23:00",10
"ML22","2019-12-18T23:00",7
"TB72","2019-12-18T23:00",2
"TC16","2019-12-18T23:00",18
"TC16A","2019-12-18T23:00",32
"TC93","2019-12-18T23:00",9
"TCD49","2019-12-18T23:00",8
"TCD49A","2019-12-18T23:00",23
"TCP45","2019-12-18T23:00",27
"TK36","2019-12-18T23:00",2
"TL94","2019-12-18T23:00",33
"UC11","2019-12-18T23:00",61
"VC57","2019-12-18T23:00",26
"VC59","2019-12-18T23:00",4
"VF01","2019-12-18T23:00",64
"VF02","2019-12-18T23:00",62
"VF63","2019-12-18T23:00",2
"VF66","2019-12-18T23:00",30
"VL13","2019-12-18T23:00",59
"VL13A","2019-12-18T23:00",51
"VML54","2019-12-18T23:00",4
"VML55A","2019-12-18T23:00",1
"VS18","2019-12-18T23:00",78
"511","2019-12-18T23:30",1
"AC03","2019-12-18T23:30",11
"AF04","2019-12-18T23:30",3
"AF04A","2019-12-18T23:30",6
"DC15","2019-12-18T23:30",5
"DC15A","2019-12-18T23:30",13
"FL82","2019-12-18T23:30",1
"GM24","2019-12-18T23:30",1
"KC06","2019-12-18T23:30",112
"KC35","2019-12-18T23:30",4
"KL08","2019-12-18T23:30",59
"LC07","2019-12-18T23:30",43
"LC07A","2019-12-18T23:30",9
"LF09","2019-12-18T23:30",39
"LF10","2019-12-18T23:30",6
"MC12","2019-12-18T23:30",8
"MF40","2019-12-18T23:30",8
"TC16","2019-12-18T23:30",2
"TC16A","2019-12-18T23:30",8
"TC93","2019-12-18T23:30",27
"TCD49","2019-12-18T23:30",5
"TL94","2019-12-18T23:30",21
"UC11","2019-12-18T23:30",37
"VC57","2019-12-18T23:30",7
"VF01","2019-12-18T23:30",54
"VF02","2019-12-18T23:30",5
"VL13","2019-12-18T23:30",20
"VL13A","2019-12-18T23:30",29
"VS18","2019-12-18T23:30",88
"DC15","2019-12-19T00:00",1
"DC15A","2019-12-19T00:00",1
"KC06","2019-12-19T00:00",9
"KL08","2019-12-19T00:00",5
"LC07","2019-12-19T00:00",1
"LC07A","2019-12-19T00:00",2
"LF09","2019-12-19T00:00",6
"MC12","2019-12-19T00:00",3
"TL94","2019-12-19T00:00",14
"UC11","2019-12-19T00:00",5
"VF01","2019-12-19T00:00",5
"VL13A","2019-12-19T00:00",4
"VS18","2019-12-19T00:00",23
